,LungCap,Age,Height
count,725.0,725.0,725.0
mean,7.863147586206895,12.326896551724138,64.83627586206897
std,2.662008248678717,4.004749514042407,7.2021440125030605
min,0.507,3.0,45.3
25%,6.15,9.0,59.9
50%,8.0,13.0,65.4
75%,9.8,15.0,70.3
max,14.675,19.0,81.8
